0; 0,75009111969774
0,00331131585611812; 0,945701055998669
0,00675138629785866; -1,10688291237915
0,0101022029840508; -0,37889182524765
0,013346258088524; 0,869691326245361
0,0167398572643422; 0,48862002448056
0,0202905239385306; 0,234600108348347
0,0237817040990521; 0,672478892118238
0,0269977482264176; 0,95215373470086
0,0301201779812433; -0,858047059066783
0,0333496322374871; -1,22694441214377
0,0366898532340449; -1,15368146068477
0,0396356814382718; 1,85867412913619
0,042932549494283; -1,05443257324794
0,0460582310030742; -0,234587122545006
0,0492695197772903; -0,185478299084817
0,0525121432801474; 1,03106016520904
0,0557927599207525; -1,73832109890097
0,0591946983434816; -0,039268210953406
0,0627017839050553; 1,21438834684869
0,0660136947945647; 1,1148997621906
0,0695747720396563; 0,409311994436499
0,0727972395940752; -0,260939087379936
0,0761891579390907; 1,75768344663502
0,0796730696360327; -1,67194717651901
0,0830220716856595; 0,98098527521185
0,0862314884774338; 0,508177888645863
0,0894112009147241; 0,591036684407677
0,0926682466104462; 0,265808830241147
0,0960382791310245; 0,205180147447001
0,0992033427671014; 0,930787995802218
0,102501813504623; -1,15304478865062
0,105808609336304; -1,24655194554513
0,109232083600418; 0,162453235343822
0,112601193454169; 0,0521507916822453
0,115993755572342; 0,163660162339707
0,119218117470773; 1,5904329835052
0,122529848531824; -0,579309353559642
0,125993844443501; 0,751318761140765
0,129576082967704; 0,384447703740178
0,132699572045687; 2,36656240234048
0,136285226008143; -1,40218665149892
0,139842871912107; -0,546007118331749
0,143306423812224; -0,456790034032842
0,146683833083945; 1,32060289660413
0,149964845948189; -0,819918570835882
0,153541182728779; 1,65794299951633
0,15720122578152; 1,59810831313469
0,160834831593165; 0,865612650893936
0,164387348887287; 0,437376040226987
0,167780245622397; -1,55617818893661
0,170912192517017; 0,182149506878342
0,17424478349483; -1,43067165873836
0,177687529317343; -0,362626389611507
0,180806135740051; 0,203100733296363
0,184205322750081; -0,308871378969199
0,187610300032552; 0,950805622209108
0,191059640486546; -0,129176147129655
0,194195620825419; -1,54858222027118
0,197418670396746; -1,06005722603069
0,200679264522222; -1,2739083901166
0,203817630870927; -0,316430377765937
0,207440858850449; 1,24758485701979
0,210691540395708; 0,505746048146613
0,214079702000618; 0,339509471579701
0,217369939909706; -3,13109802600087
0,220967185389506; -1,62784220996798
0,224520578887353; -6,14764877915678
0,227959470991157; -5,75283599581901
0,230925552677716; -10,8015926227286
0,23426755750676; -12,4834250594018
0,237714838538556; -11,3526643452337
0,241215498801196; -17,0870180177339
0,244445847627078; -17,4858861238932
0,248082849520966; -20,3594008356718
0,251196111025964; -22,6341442963036
0,254419189688995; -21,5120941455885
0,257908364687014; -26,668800562287
0,261249873789318; -26,6593344543486
0,264916939219926; -28,506710622277
0,268281692418678; -32,4888677053823
0,271509493403646; -35,1477830452342
0,274779899486107; -36,811119224844
0,27793137513317; -37,5238457828942
0,281051761772106; -38,1575240672473
0,284490163687234; -39,8486523101616
0,287920357989303; -42,1490206360227
0,291469451125876; -43,8760804881482
0,294677016827333; -44,401187306711
0,298291868069407; -46,3880615278035
0,301577303451439; -48,3687664405841
0,30517303816458; -51,0751985209256
0,308434240523382; -51,2038686211058
0,311644993307992; -53,2631162267164
0,315019957536585; -55,7012223502346
0,318525199717397; -57,0641468835485
0,321885367980183; -56,6967385532727
0,325121113176162; -57,4277472403958
0,328230909890483; -61,0635753467702
0,33133065652133; -63,8416914295645
0,334747770329642; -62,4976728283049
0,33824605583519; -65,2974920820283
0,341552006736419; -64,8545616226934
0,344706279260048; -67,0684326740727
0,348185119618818; -65,6439605837937
0,351305053961366; -68,7865354180657
0,354519542612189; -69,0030324892158
0,357956378921112; -72,1593553641857
0,360914688725517; -74,6257609152059
0,364312416991778; -72,6223227898337
0,367548810185709; -73,3478600093658
0,370900356801956; -73,7324088908412
0,374221073214252; -75,8008621392642
0,377588092280093; -77,3022447917894
0,381037120936211; -78,3404768726208
0,384244059311061; -76,8154414353909
0,387814222981446; -77,3128327638904
0,391268571946271; -79,4838884031053
0,394742527389988; -79,6765517159113
0,398270004720173; -80,3695919951356
0,401734602757124; -81,9625801483418
0,405208615870554; -80,2464492806605
0,408554548139011; -79,9176132008944
0,411650085830513; -81,2438476390144
0,414960911647173; -82,6603980177199
0,418165992540477; -81,6009084686046
0,421262202245725; -80,1599016128963
0,42463861104421; -79,4829457213934
0,427877186135186; -81,3741800661891
0,431038885395517; -82,4155943463877
0,434198385215505; -83,5573451543189
0,43757645472879; -83,0142982027919
0,440969566720318; -81,3978919944058
0,444523309631946; -80,8585107030981
0,447854323853859; -80,5689701970922
0,451361297147061; -80,7675426250647
0,454928341284856; -81,6688549897008
0,458453368890881; -81,2743459288634
0,461392484906502; -79,1420807306489
0,464930598859703; -79,5818219333633
0,468320535527744; -76,8957336123228
0,471724497419886; -79,0551554265457
0,475119701989509; -75,2510109859734
0,478516828182887; -76,8965207474872
0,481903397219596; -75,2571326694953
0,485176911668173; -74,4919924717558
0,48819330578511; -74,3161992369886
0,491508486663792; -75,1191625477166
0,494707864689039; -72,7146205724407
0,498221225257795; -69,7080389369583
0,501506430840129; -71,535897887198
0,504853676732814; -71,050492353493
0,508045409073546; -68,3921255405906
0,511293638662229; -67,4981801879783
0,514625049818615; -67,2270341606779
0,517710820621238; -65,5778919037349
0,521094268140287; -64,053024939149
0,524409922764712; -62,7215610473668
0,527545636130545; -60,921424638408
0,530479263986312; -59,1959161630262
0,533898106008625; -58,1045311364798
0,537181842002134; -56,7626406951354
0,540426840599931; -54,0240869309611
0,543720814828289; -53,1508718234322
0,547356894151769; -55,5112023806288
0,550681927323593; -51,4229504875539
0,554029697200757; -51,0591185271725
0,557115185055812; -48,6950024143671
0,560723074900204; -45,4684860626372
0,564209322897445; -44,7042705071247
0,567720478708613; -43,1548470595667
0,571061757497148; -39,6942146155944
0,574547866628619; -40,7002045125139
0,577943024434468; -37,4944184071841
0,581378555947444; -35,0107288691716
0,584686523787709; -33,7427903890326
0,587774209129702; -33,2412464648467
0,59127901818767; -30,1626211204171
0,594289858248235; -27,6479075306802
0,597583202136358; -26,2424196807275
0,600882448388292; -24,4086780231433
0,604041971698128; -22,6115074861523
0,60747749222085; -20,8017382970703
0,610777437270616; -20,2628739323723
0,614037959216349; -17,4283896109008
0,617457932838179; -14,6830163080647
0,620711836331419; -16,3098914219627
0,624276666327226; -10,328074990353
0,62766857550659; -8,73344745126017
0,630922853342118; -8,21749603551721
0,633932142512787; -6,08410625513383
0,63704751697997; -3,67952892836581
0,640561988777431; -0,960022039935076
0,643886888100246; -0,374026646877072
0,647173033922633; 1,16700310796351
0,650780242525007; 0,413125612467194
0,653899800984328; -0,786571405880722
0,657135524684354; -0,471181919004065
0,660390093404894; 0,227579623495646
0,663821149618483; 0,728374031602327
0,667043893752099; 0,680015475510122
0,67027499077733; -0,0975937516710735
0,673340799211182; 0,149495047542202
0,676795690778519; -0,0251010413886118
0,680263380671605; 0,821989925264647
0,683517317880371; -0,986244516306221
0,686877874537961; 0,602842692788174
0,689995766850835; -1,85240306306724
0,693250464658378; 0,45103295916916
0,696813456483832; 0,256212815660759
0,700169411606176; -0,000374151910853279
0,703887805520642; -2,13260933033105
0,707089940063616; 1,56672407009794
0,710519987466403; 0,898411145059004
0,713820736495098; 0,0254483330854326
0,717248372802902; 0,458707330731548
0,720580504242959; -0,939382151178795
0,723820304557891; 0,512273153448715
0,727009035097171; 1,56008714712111
0,730853374553679; -1,17808558971152
0,734173817043725; 2,69275748306479
0,737171040262019; -0,436928960195731
0,740396273494035; 0,827407872941987
0,743842613448556; -0,826110781821872
0,747092612043025; 0,390405632803414
0,750652686410106; -1,27393938899008
0,754153086122247; -0,658994013599243
0,757461029682943; -0,228577279971304
0,760715660359147; -0,655821610413118
0,763881526857976; -0,241429966992713
0,767098199100923; 0,975952863745776
0,770186008588479; -1,27708522060002
0,773720074637068; -1,19575317348758
0,777318524768255; 0,0470592549020244
0,780442501756634; -0,564189671172186
0,783578887927353; -1,003749056086
0,786617469284505; 0,132032789938094
0,78979016024605; -0,564366855654809
0,792605770779169; 0,336140196297511
0,795748724286397; -0,0397600714946569
0,799298210186364; -0,201214902447604
0,802573931431453; -0,0682399578059801
0,806049695470595; 1,02324041474839
0,809301533959955; 1,31410449711042
0,812928311842787; -0,159604289290946
0,81629484817329; -1,029967569635
0,819564514457932; -1,51129160214301
0,823323251795494; -2,23357815338116
0,826602506486113; -1,17595595110036
0,829732302594492; -0,852319701751362
0,833099287594819; -0,0525355488761422
0,836426148421726; -1,88053882736798
0,83993720251392; 1,4296912013305
0,843116930193171; 1,06355574577402
0,846584383015084; 1,24517035845158
0,850059841093513; -0,512890214752248
0,853281893211524; 0,244001261079737
0,856642433879144; -0,947364318608658
0,859837308553002; 1,54980956560145
0,863561609898642; -1,21302506254024
0,866777586638262; -0,513625322540807
0,870035407564317; 1,42341587509596
0,873191101227323; 2,48981211274813
0,876466747681461; -0,0917264789213937
0,879799101677011; -0,414234225676356
0,883260399866236; -2,50713193698087
0,886491985425225; 1,71045201652459
0,889794356432113; 0,3081821779926
0,892891608204377; -1,88394082050228
0,896087041166583; 0,871356893476891
0,899879675759629; 0,61388128203932
0,903386549624911; -0,354399623155366
0,906589645617965; -0,557836368912399
0,909700079411043; 0,730125324836435
0,912870815605944; 0,23394533381448
0,916200533796025; 0,486833642037625
0,919539655094085; 1,22649473260986
0,922748928327263; 1,19318995341257
0,925867832582806; 0,760513105472504
0,929438229000348; 0,585284704086431
0,93284684324223; -1,27818472377935
0,936117748572302; -1,1154591670196
0,939414305037666; 0,818522718004068
0,942659383294479; 0,647202778447145
0,945503375720143; 0,518181740935233
0,948855986024658; 0,840347189821222
0,952010895289709; -0,554003346709953
0,955177114573203; 0,564923432223702
0,958403737505638; -0,988881012163071
0,961859121124757; 0,0623801401624291
0,964997365990022; 0,92932594992764
0,96809165241341; -0,67686446788109
0,971531627759272; 1,95290793349658
0,974990689243378; 1,13407949388997
0,978164200292079; 1,37210715441996
0,981591266571628; -0,211156401241092
0,984875994499892; -1,38894943749075
0,988259543195985; -0,698589830725052
0,99138271648264; 0,551666971644989
0,994854865557534; -0,279003033379824
0,998388742049886; 0,7213651683587
1,00182825425582; 0,150454917378399
1,00525464424944; -0,58975375320131
1,00795926505675; 0,934215289059496
1,0113360366816; 1,3517446999378
1,01466512912882; -0,732149212337202
1,01797395487767; 0,511907622020849
1,02120219187935; 0,156594179153921
1,0245447527085; 0,280879659611337
1,02794677227602; -0,104107465562163
1,03123614091593; -1,25268143086333
1,03449225355931; 1,40952375755282
1,03803054586113; -1,04359186708
1,04117965134326; -0,870626338151454
1,04468467720956; 0,656270592423579
1,04804747928685; 0,179874799841896
1,0512467616793; -0,796037041944109
1,05453176469662; -0,657547376480706
1,05771176576282; -0,158697490837077
1,06115760984922; -0,436082179968987
1,06454892680955; 0,646526324049946
1,06778946078036; -1,16421911825668
1,07093909106385; 0,363320679150423
1,07432271041277; -0,201426819214966
1,07781560801391; -3,61961985531592
1,08112996862234; -6,68938477281274
1,08453302737249; -8,55412921916178
1,08780368951407; -9,73303346892652
1,09114828438173; -12,384473172608
1,09443307056317; -12,4673657600982
1,09781541092033; -17,5342013106509
1,10089711550149; -15,8609643564033
1,10433781392202; -21,5294638982668
1,10763282517509; -21,4540920476241
1,1110259265197; -24,4494662088675
1,11430254149845; -24,4205526636254
1,11768926836335; -27,9324736811699
1,12084384122933; -30,0633019510449
1,12437536696474; -31,2369550998597
1,12742477620014; -32,9919734093055
1,13058490306434; -36,2397185275414
1,13395751407593; -35,6695580369285
1,13753465445679; -40,4237385583271
1,14091434217376; -38,6341265999886
1,14420635743122; -41,8519993998173
1,14730217574067; -42,1495791060634
1,15060362962994; -45,3674136299328
1,1539336501281; -47,2143126029464
1,15754874490232; -47,5351230738765
1,16098576577259; -50,415998209411
1,16406425029343; -52,8224417605207
1,16773538014264; -53,0524136936795
1,17100287849672; -55,8169945509051
1,17418963521094; -55,8634953762741
1,17776877231962; -56,0112009003624
1,18109381302624; -57,8230704189989
1,18436591259301; -60,1260504371821
1,18773571025783; -61,6425637068063
1,19120985838789; -63,1440040294404
1,1947087477553; -64,7772501613459
1,19781288068863; -64,9150446202062
1,201479294267; -66,7230725739072
1,204970437865; -68,1377697383181
1,20824057102133; -68,5605995390526
1,21143746104608; -71,8539238925916
1,21460929230762; -68,8425413549539
1,21796318871388; -71,1499081790444
1,22118851933152; -74,077152639836
1,22439437367064; -73,4164967004238
1,22786291607146; -75,5373858062825
1,23125701062877; -75,761831253491
1,23452458208569; -76,8618626973932
1,23798029001839; -75,6058805203578
1,24154151978944; -79,3192864841862
1,24469243707067; -78,3309473149699
1,24792522175665; -80,1803966653569
1,25141565873002; -79,1030973041687
1,25486881549099; -79,8830957348731
1,25823993196706; -81,3967290937195
1,26176700216499; -78,9456868497713
1,2649189668768; -79,1345528820811
1,26800577723784; -81,5224406712557
1,27119469267829; -80,6562968855358
1,27454845002755; -81,5156683610169
1,2777491022317; -81,2623966503133
1,28100123253896; -80,0653617017772
1,28417206585244; -81,9039513307159
1,28740199432835; -79,8418002951827
1,29056786312518; -81,8817763489755
1,29396244082614; -81,5913973335348
1,29742825600413; -79,4518189823607
1,30068151501422; -80,8737018236339
1,3039803040483; -82,94330898511
1,30721679861955; -80,4122445953112
1,31063867382216; -81,5667540914031
1,31398684982861; -81,5557819231172
1,31758587597867; -80,364707699295
1,32073663063923; -78,6423291905597
1,32413038105576; -79,5457243080281
1,3275377129557; -79,2367811760197
1,33081097292721; -77,5992490369695
1,33424156194844; -76,1253931713169
1,33733514150694; -76,5686219441402
1,34102160867873; -76,3343128591116
1,34413126793651; -76,4416598610154
1,34761790247994; -74,1540048263029
1,35076438203345; -71,69216722488
1,35428952920532; -70,5470370071049
1,35755873353422; -69,7899264967132
1,36091847068541; -69,7207969229341
1,3642606946447; -68,3487014451166
1,36777748366053; -66,0448749425804
1,37105722575218; -67,0526010745172
1,37389602846718; -64,8053753457234
1,3771026853355; -65,8673797578659
1,38046663738935; -62,0485580144207
1,38372655935521; -61,9148105796965
1,38718819616376; -61,2329889846893
1,39069075066309; -57,8646421396503
1,39399945536144; -58,3554115300838
1,39708451446237; -56,7855248068644
1,40064854198071; -52,8045824245787
1,40416238423073; -53,7979307559818
1,40744585237502; -51,8927923665155
1,41113056711025; -50,1859177558881
1,41440575453357; -47,1490432483369
1,4175495679135; -48,2303800847994
1,4208569223412; -43,5004336243186
1,42436989462712; -43,2216226299982
1,42754698572003; -41,6699461314017
1,43120552323299; -40,3477300659899
1,43438943553056; -37,9144310426463
1,43788183924329; -34,4328422615329
1,44130591630566; -33,8396077185609
1,44461357346239; -33,1783220389151
1,44812699562551; -30,6504568599694
1,45121036249403; -28,0454547786469
1,45476995779186; -26,4894873867357
1,45809267712036; -24,9451399389339
1,46133560457872; -22,2281309302347
1,46479380025339; -20,4757112728607
1,46830378342232; -19,8761563243397
1,4717654159941; -18,6915912074542
1,47543199996427; -14,1232919831826
1,47894545431028; -10,6937404769447
1,48249270541568; -11,27010423955
1,48573606142615; -8,66184183147568
1,48908714872233; -5,16977080937682
1,49251431248605; -2,73806176083666
1,49584468877993; -2,42136896780085
1,49922829465213; 0,787924421280457
1,50263264544648; 0,750633970714055
1,50610668609943; -0,555815730368717
1,50942308461764; -2,01881161792053
1,51269811808174; -0,909427561596998
1,5158933988067; 0,369229331405766
1,51907811008568; 0,41925483421093
1,5226068519569; -0,502244551711037
1,52592609837557; -0,857699959388849
1,52939058910575; -1,60030524005069
1,53250769513136; -1,68033367737648
1,53551800044672; -0,122120120088309
1,53867648524155; -1,57473392339646
1,54220092306947; -0,015105989728721
1,54571226930944; -0,797980871910855
1,54910094241075; -0,426164542677057
1,55230058071906; 2,12536769403813
1,55561211361213; 0,0482625296302013
1,55889582019883; -0,343552918408323
1,56217165797448; -0,173335832946502
1,5650873130016; -1,47365721265669
1,56827765860394; 1,33914926340089
1,57157930712465; 0,847816419220493
1,57516537842296; -0,531995131724586
1,57852550226615; 0,229288168936804
1,58209231698052; -0,671577725811744
1,58536003249573; 0,39628122957944
1,58865125106552; -1,34297271845716
1,59133468077718; 0,267470702765364
1,59474523583371; 1,50126983838988
1,59816975177727; 0,446281274309721
1,60179704495553; -0,59008938711877
1,6050492514204; 0,949769979436894
1,6083982771131; 1,95054299633989
1,61161402245398; 0,730934033177812
1,61475131294316; 0,0972340128792902
1,6179657949487; -0,802218326685365
1,62124162852802; 0,435639029260781
1,62480086819946; 1,92226674485986
1,62813457013323; -2,01688016770784
1,63133614599828; 0,977289421830232
1,63469312563632; 0,147791874053976
1,63806272086225; 1,51335667808824
1,64128334885292; -0,127935016121892
1,64480722112403; -2,16372250025104
1,6478258296422; 1,99143739082798
1,65112357220418; -1,1593828941845
1,65456774988179; 0,800320221833958
1,65767801112854; -0,127570283920911
1,66107155341998; -0,0395862956129923
1,66462036892835; 0,137623856634553
1,66802931413906; -0,545866067891051
1,67108095414856; 0,186583857069653
1,67429292164399; 0,307675019759745
1,67783163887774; 0,801600561725789
1,68121469475192; 0,12502151018796
1,68454638492883; 0,318692158465294
1,68795325169462; 1,32818452144575
1,69140675985295; -0,90202180959845
1,69462201564685; 0,0701438969028336
1,69790694896684; 0,478312514239177
1,70126410124179; 1,035436402445
1,70450677495482; -0,0635821429248503
1,70781786636173; 0,0993488861894581
1,71136751165526; -0,344946932128378
1,71453954167781; 1,24025602753935
1,71819398546267; -0,321172050600219
1,7218405428589; 0,68529259985022
1,72488830295257; -0,101875099132151
1,72819813250839; 0,0308447137468504
1,73158858110333; -1,2230582154291
1,73479510258874; 0,0567120788676815
1,7380049225048; -0,0296460847466425
1,74129868655534; -1,48360048524697
1,74475521623653; -0,740440395103638
1,74800332726337; -0,453852285888167
1,75164110956531; -1,52870458853497
1,75502277189903; -1,21716376787851
1,75833900935168; 1,46956330554916
1,76191388596587; -1,02998242375155
1,76535159949838; -0,85667798395844
1,76874648062766; -1,39576111129366
1,7720246238972; 1,22738191814592
1,77566028816618; 0,918208163496398
1,7791289250978; 0,318216618331768
1,78242835654181; 0,0842407032921304
1,78549882335003; -0,491873749543668
1,78889431527366; -0,284409160635263
1,79203702525831; -0,674154740179044
1,79508436759968; 0,658267422093142
1,79837117568211; 0,692194375494525
1,80175142086587; 0,912628423523675
1,80529850107148; 2,04889503414198
1,80867890970903; 0,707168632435653
1,81214657963023; 0,634528418827779
1,81527559917936; 1,00369797706626
1,81860517714978; -1,54200985784619
1,82195921236966; 0,00473246440675685
1,82543625340043; -1,5125028978702
1,82878893017934; 1,57725216251525
1,83225627667236; -0,493009616828475
1,83550557679773; 1,77312076967766
1,8388985692821; 1,06152310037991
1,84230104701564; -0,552236205734703
1,84542608439487; -1,65976649355929
1,8487886741663; -1,12401733374856
1,85206861374514; 1,03872120325594
1,85508459908704; -0,321302604728911
1,85857766686707; -1,48128509608668
1,86185069042035; -0,224711710658769
1,86504195874399; 1,69270599858199
1,86831240595338; 1,60923686341367
1,87166877267057; -0,473086152286734
1,87525342425129; 0,308115200354997
1,87855910205079; 0,612745740030647
1,88197116996695; -1,4791651534738
1,88553343319644; -0,532922485362291
1,88895569161831; -0,405413378503882
1,89246711897788; 0,404052186684583
1,89572103400139; -0,510301323668526
1,8991828755558; -1,39738699652147
1,90250654622246; 0,324206813130864
1,90601894809537; -0,642007358997947
1,90918502150004; -1,22789619012453
1,91238842854117; -1,22539679960285
1,91593321713662; -0,222978327930333
1,91923386980786; 1,45105702405321
1,92250737636674; -0,174545979251936
1,92585363843663; 1,07312508405503
1,92907205552707; -2,54572555631904
1,9326273790885; -3,26589442106171
1,93575251864655; -5,55368688865965
1,93906075231349; -6,54576428985486
1,94245191111111; -7,52252812221407
1,9457678365996; -10,8115973699186
1,94896745534203; -13,4054855559048
1,95215605714258; -13,0962713377131
1,95556028954688; -16,8087797734321
1,95872187613852; -17,6263970679432
1,96216291658947; -20,566513580063
1,96524222519553; -21,1652868555436
1,96848306134608; -23,9298190839891
1,97182244568314; -24,6590776277548
1,9749470870259; -26,602531526348
1,97838908883649; -26,9342550763068
1,9817193323676; -31,0883055293419
1,984879986754; -33,7266724171381
1,98796017204904; -35,5925770813311
1,99103257382048; -36,68495306883
1,99437441281134; -37,4954804082178
1,99751494112683; -40,2423768208826
2,0006207945267; -39,6242720509515
2,00391559020412; -42,6320765145519
2,00762850695826; -45,6848595579545
2,01100809701847; -46,8506613618295
2,01446858349072; -48,7185131019502
2,01783736988176; -49,5141950307709
2,02130120024278; -52,344157230301
2,0244106854677; -51,4705852976663
2,02767226680601; -54,5866465767065
2,03104915861361; -55,962446123688
2,03437950581093; -56,2382832234315
2,03768084027425; -59,3026981741966
2,04090319426096; -59,8853579729029
2,04419346374384; -59,4170369740656
2,04739776410652; -62,044893422485
2,05032745860405; -63,275531346365
2,0534617071971; -65,2096328945624
2,05687431602024; -66,9538009756536
2,06046716234619; -65,4513726073073
2,06410275904141; -68,5699230604372
2,06745221766536; -67,5848103345191
2,07093444826926; -71,2404482331033
2,07441911125438; -70,3326932977216
2,07763706805707; -72,6942448960761
2,08068741141866; -72,8909969433916
2,08402589263855; -72,9502446972083
2,08706552580568; -74,4740888538903
2,09034553753685; -74,8656016809854
2,09378022371798; -77,9766015454094
2,0968768788033; -77,5088615584838
2,10021559470062; -75,6468431691069
2,10375559771984; -78,5436100513827
2,10714918313218; -78,5414141636209
2,1105695700823; -79,5269745171719
2,11405402681794; -80,450342989782
2,11767618732996; -81,752531959076
2,12103475784358; -81,7458208011107
2,12457300798715; -79,2271543341334
2,1278956464511; -81,2282651389013
2,13113795164853; -82,5296727097778
2,13452375514346; -82,3995256037893
2,1377561196688; -80,7131298254221
2,14099393146617; -82,5794450347368
2,14422597469443; -82,2623108465893
2,14717673732851; -82,7252751457939
2,15052765390812; -82,7732650553996
2,15365034801502; -79,7353189580007
2,15696580316157; -81,3461740699609
2,16054079795832; -81,2819872499911
2,16378729790447; -81,2881398578719
2,16703029637806; -79,6497578420771
2,17059094794215; -79,897083174131
2,17401533223639; -79,2293999063761
2,17751142008595; -78,8896811018432
2,18078553821362; -78,8667119895277
2,18424355208243; -78,3933191706859
2,18746252398424; -79,0496254560536
2,1906831903633; -77,1701147475333
2,194115897743; -73,7886492628687
2,19734950221445; -76,4539765022457
2,20081068863833; -74,3787436124346
2,2045426360609; -73,0995125479505
2,20759494397141; -71,4299148659316
2,21080290990872; -69,0672104494916
2,21432293427236; -71,0888136349116
2,21763208791078; -70,5568371142799
2,22115893621908; -67,4982615062326
2,22432392550689; -67,3048133557564
2,22771248286986; -64,3453430186922
2,23102072348355; -64,4506404277442
2,23437745193737; -64,615916470608
2,23776597127387; -62,8666703729889
2,24089597021343; -61,0304076103924
2,24405028063254; -59,6897594965501
2,24761682130035; -59,8618870336898
2,25099902358562; -59,2299675730169
2,25435008130778; -57,4684530779164
2,25767606885401; -53,7752908787173
2,26106882593713; -53,0127419888322
2,26420950314723; -53,2487556394214
2,26737633192524; -50,4828483798383
2,27092708329978; -50,1696477179435
2,27428562917009; -46,8568355164464
2,27776067931569; -45,73579503797
2,28099306864787; -43,8014371967266
2,28455585621127; -41,5070927567241
2,28794673594549; -39,4772289527675
2,29136027691536; -37,8004097392863
2,29478506513831; -34,7403513365719
2,29798556359842; -31,9040994854076
2,30100794345452; -31,8045415335617
2,30416214301001; -31,1052211818289
2,3077672301529; -28,156016468093
2,31131734414796; -27,6392597041735
2,31459285725329; -25,8813116739634
2,31787591119879; -24,0486391107655
2,32138201217833; -20,8646314533499
2,32468727719953; -18,0018487947661
2,32780406722118; -15,1996739966202
2,33134832440328; -14,0223780804535
2,3347611874996; -12,6370523881854
2,33767513088043; -12,299291494964
2,34095626586284; -9,58792670316945
2,34431354423006; -7,12389291040865
2,3477270853679; -5,75283906608704
2,35108577723278; -1,76076260507167
2,35431315359991; -2,51329071181014
2,35762719375924; -0,714137809156308
2,3610096604789; 0,3800449900108
2,36429832646463; 2,00680044613948
2,36756967634468; -1,81274239574218
2,37111169033445; -0,846040210159
2,37428725572024; 1,28790301202574
2,37756234514172; -0,6789510067084
2,38055713363955; 2,05909478751677
2,38398062863346; -0,821519665336209
2,38745200604343; 1,07232600328315
2,39087675384887; -0,0881774772269717
2,39436303259678; 0,459558941083914
2,39776981705424; -1,03588509806861
2,40116023628606; -1,60620750459244
2,40457256079723; 0,77554956725639
2,40786134272523; -0,52930759365175
2,41139273070233; -0,918693051135146
2,4146679686915; -1,10529284849802
2,41775757670397; -1,04503576127841
2,42123254063958; 1,35322666004844
2,42487432443623; -0,922643279746242
2,42804763258302; -0,542472845031532
2,43136402739475; 1,9666844060903
2,43458312039297; -0,432315896332779
2,43785302318461; -0,00565637039980721
2,44119403867991; 0,367650901979125
2,44432040393778; -0,295999089734491
2,44760746165923; -0,688126637209766
2,45069646709484; 1,27888482610112
2,45393509582185; 0,319830701856707
2,45707075087952; -0,62949360466581
2,46022757409627; -1,38529809895437
2,4632742556495; -1,15767206362113
2,46681081474762; -1,02454539791972
2,47022899126174; -2,15598399830767
2,4732427472545; 1,17393841057178
2,47647660932216; 0,102100693237373
2,47969820288884; 0,536653864313197
2,48291637886748; -1,41887431285299
2,48600856494872; -0,485107697888487
2,48946762923561; -0,240099518369187
2,49273498527136; 0,0755897802371691
2,49614634342294; -0,206285960672161
2,49956746938381; -1,24492436113479
2,50313004360242; 1,09184922608323
2,50616089822279; 0,710284022165358
2,5097839985747; 0,0748600227935365
2,51332880112035; 1,03223380078008
2,5167576454524; 1,20810343160734
2,52048824415727; 1,39390639852801
2,52385574059026; 0,16302539458802
2,52732598707627; -0,314795037421901
2,53053625141273; -0,47981193346945
2,53405864431405; 0,891232983450391
2,53741994864234; -0,701464896413735
2,54067808195153; -0,913526123412974
2,54436423848459; 0,554396911674841
2,54764677187383; 0,523004174401874
2,5509815820951; 0,63654963579411
2,55428203543554; -0,849218041172688
2,55748942361667; 0,300737203012327
2,56091130235009; 0,915297203514403
2,56436770395071; -0,479831466515953
2,567760099372; -0,268138350656919
